Date,Close,Volume,Volatility,Monthly Return,Monthly Std Dev,MarketCap
1999-03-31 00:00:00-05:00,44.74668884277344,8256600,,,0.024050163666798123,259269181440.0
1999-04-30 00:00:00-04:00,45.81271743774414,15295200,6.977272081301718,0.023823630810235086,0.024954144826661057,265445914699.09842
1999-05-31 00:00:00-04:00,44.37356948852539,12969800,5.470386643389851,,,257107270647.10934
1999-06-30 00:00:00-04:00,49.144065856933594,19467600,7.922598932149635,0.10750760922313929,0.021707689752010793,284748258628.26666
1999-07-31 00:00:00-04:00,48.26457595825195,10947400,5.83830307347648,,,279652359199.43634
1999-08-31 00:00:00-04:00,50.90302276611328,14590400,8.486960811548569,0.054666321115999006,0.017970586179669033,294939924868.2794
1999-09-30 00:00:00-04:00,51.32942581176758,17604200,4.940722373782817,0.008376772586050851,0.018902245027360688,297410569545.4479
1999-10-31 00:00:00-04:00,56.07329559326172,19000000,6.4956477669017465,,,324897278996.23157
1999-11-30 00:00:00-05:00,62.682682037353516,23702400,15.010860454313159,0.11787048316250637,0.01741075572463957,363193078249.70105
1999-12-31 00:00:00-05:00,77.92691802978516,14464400,20.307944234631883,0.24319693250118712,0.017477946745835707,451520520785.692
2000-01-31 00:00:00-05:00,76.48774719238281,36014600,15.551074875544817,-0.018468211932265333,0.04816545036790137,443181744116.055
2000-02-29 00:00:00-05:00,91.03914642333984,23978600,17.509609531433597,0.19024484005728648,0.02530422529353559,527494784141.72314
2000-03-31 00:00:00-05:00,93.38436889648438,31349900,14.478282682979648,0.025760593824540656,0.02956805108550037,541083363020.56177
2000-04-30 00:00:00-04:00,80.8051986694336,24828400,31.8025728257371,,,468197720477.9049
2000-05-31 00:00:00-04:00,70.89112854003906,29675400,18.83620665036319,-0.12269099380538684,0.04550245775608595,410754076855.054
2000-06-30 00:00:00-04:00,79.68592834472656,15153100,8.30593457820589,0.124060654496708,0.029771381789272796,461712496466.8831
2000-07-31 00:00:00-04:00,76.27457427978516,27609900,14.374779320186907,-0.042809993380307554,0.026693779436464286,441946587549.5306
2000-08-31 00:00:00-04:00,86.66838073730469,15588700,13.255268663036162,0.13626829852099442,0.016793458492647104,502169897072.0649
2000-09-30 00:00:00-04:00,75.68824768066406,27198800,16.136762960323612,,,438549321263.6437
2000-10-31 00:00:00-05:00,69.67850494384766,43863800,13.506063628593923,-0.0794012666559818,0.04073693194769896,403727949664.1893
2000-11-30 00:00:00-05:00,53.714683532714844,74792600,24.67438688709875,-0.22910683034886725,0.035598311552650766,311231118793.3799
2000-12-31 00:00:00-05:00,49.78370666503906,49191000,19.471156587845066,,,288454435621.96185
2001-01-31 00:00:00-05:00,54.83667755126953,59322200,15.812415585310175,0.10149848664802108,0.05088247405452865,317732124304.50006
2001-02-28 00:00:00-05:00,40.466583251953125,102187900,21.350666951115993,-0.2620526067772996,0.02894057164382395,234469592873.61682
2001-03-31 00:00:00-05:00,33.38811492919922,63661300,12.706776733558874,,,193455861235.55475
2001-04-30 00:00:00-04:00,39.35789108276367,73859100,17.1354911532885,0.17879943705188484,0.0520094344402263,228045660318.85953
2001-05-31 00:00:00-04:00,38.146888732910156,68018300,7.6641265670577505,-0.03076898473312406,0.03201018688288806,221028926878.05334
2001-06-30 00:00:00-04:00,38.97411346435547,59719600,8.079204886101898,,,225821993907.93677
2001-07-31 00:00:00-04:00,35.613990783691406,55732500,5.8524410286471555,-0.0862142171299708,0.02674135672435347,206352927492.43494
2001-08-31 00:00:00-04:00,31.2390079498291,54309000,7.891831245490128,-0.12284449840049172,0.02662055800228313,181003605621.15375
2001-09-30 00:00:00-04:00,24.714879989624023,84810800,15.136586538792177,,,143201807106.05835
2001-10-31 00:00:00-05:00,28.910781860351562,106175500,6.379720382654545,0.16977229395769244,0.03386357269763948,167513506397.34085
2001-11-30 00:00:00-05:00,33.814537048339844,66018200,5.5647927722748785,0.1696168305539092,0.023540091004980574,195926616427.42984
2001-12-31 00:00:00-05:00,33.183433532714844,46176900,4.629889123113264,-0.01866367458240814,0.02561990632575004,192269905816.39597
2002-01-31 00:00:00-05:00,32.84231185913086,69655500,5.282360417606003,-0.010279878760818373,0.020831477087834636,190293394495.24942
2002-02-28 00:00:00-05:00,28.808435440063477,95711200,5.768591262780559,-0.12282559267964199,0.022289886020878596,166920495533.34952
2002-03-31 00:00:00-05:00,30.752891540527344,59539400,4.458378182570795,,,178186972552.12225
2002-04-30 00:00:00-04:00,27.06015968322754,95357900,5.02882119108888,-0.12007754953492356,0.021589404401496377,156790717529.01672
2002-05-31 00:00:00-04:00,25.618881225585938,79907400,4.890897389702479,-0.05326200859542363,0.03453223030458052,148439728984.3036
2002-06-30 00:00:00-04:00,22.25874900817871,87842000,5.485054150715376,,,128970607311.44849
2002-07-31 00:00:00-04:00,20.339889526367188,93831300,4.201314598966927,-0.08620697780933073,0.03734740337107891,117852441028.89455
2002-08-31 00:00:00-04:00,20.032859802246094,59474900,4.898728560568386,,,116073463694.27371
2002-09-30 00:00:00-04:00,17.670549392700195,91502500,3.394510956942604,-0.11792177616503041,0.021001862352461372,102385874689.81778
2002-10-31 00:00:00-05:00,20.936864852905273,81493100,6.7393461544239575,0.18484515606257323,0.028968005652684287,121311407675.46024
2002-11-30 00:00:00-05:00,23.64032554626465,34652100,4.467087591198297,,,136975673773.12254
2002-12-31 00:00:00-05:00,20.783369064331055,46015400,3.3242968025140756,-0.1208509788218638,0.01893243881128423,120422029522.85638
2003-01-31 00:00:00-05:00,20.843053817749023,90505600,3.6026231767793417,0.002871755451833824,0.021649863432820153,120767852142.65955
2003-02-28 00:00:00-05:00,21.45708656311035,50185800,1.803405265932565,0.02945982631577926,0.014730013749131014,124325652091.31203
2003-03-31 00:00:00-05:00,21.533838272094727,89345300,4.264657262586674,0.0035769865008761226,0.021662858527368385,124770363270.55527
2003-04-30 00:00:00-04:00,23.410053253173828,60202100,2.9826419748471977,0.08712868358031889,0.014337646487064697,135641440772.15692
2003-05-31 00:00:00-04:00,25.40567398071289,78093700,2.317772624674018,,,147204373491.30737
2003-06-30 00:00:00-04:00,25.54212760925293,72043000,1.6860399249926925,0.005370990300970879,0.014484156783492914,147995006753.5897
2003-07-31 00:00:00-04:00,27.119848251342773,85544100,1.9079530978767918,0.06176935086324975,0.0159670104668999,157136562251.7612
2003-08-31 00:00:00-04:00,28.47583770751953,53148800,4.166022208670307,,,164993373234.56973
2003-09-30 00:00:00-04:00,27.648601531982422,119122500,2.6182865632684886,-0.029050459692662955,0.01677486003440023,160200239895.86237
2003-10-31 00:00:00-05:00,30.002399444580078,55473200,1.8000110621778567,0.08513262089856188,0.013213684855613765,173838506186.77548
2003-11-30 00:00:00-05:00,30.172969818115234,24802600,2.4728502820831215,,,174826817104.70203
2003-12-31 00:00:00-05:00,31.106184005737305,60494600,2.3500831625698115,0.030928814539886273,0.011299746141359684,180234003307.53195
2004-01-31 00:00:00-05:00,31.626604080200195,84264700,2.5783545562428682,,,183249397076.3321
2004-02-29 00:00:00-05:00,31.20000457763672,99383900,1.483223140813152,,,180777614097.6859
2004-03-31 00:00:00-05:00,30.577226638793945,85993900,2.8336494416167715,-0.01996082844453051,0.013127909259929845,177169143156.07047
2004-04-30 00:00:00-04:00,29.66432762145996,150829200,2.562809243486485,-0.029855520519175283,0.01462920963872854,171879666167.20972
2004-05-31 00:00:00-04:00,31.182960510253906,56379500,2.3100835130840056,,,180678858155.89374
2004-06-30 00:00:00-04:00,32.198211669921875,97809500,1.771374100850714,0.03255788235161705,0.010354035877953147,186561379163.15784
2004-07-31 00:00:00-04:00,29.766712188720703,83007800,3.2081362231756914,,,172472898060.61423
2004-08-31 00:00:00-04:00,29.024457931518555,81262000,2.67730610309206,-0.02493571518736304,0.012145806820753252,168172162997.03564
2004-09-30 00:00:00-04:00,29.979995727539062,74514600,1.8238629158113944,0.03292181367435143,0.009710124321363115,173708695612.43674
2004-10-31 00:00:00-04:00,31.48154640197754,100779200,1.8221436968313744,,,182408910629.9154
2004-11-30 00:00:00-05:00,33.37556457519531,87663100,2.90246890749372,0.06016280614153047,0.007028741313214417,193383142558.6308
2004-12-31 00:00:00-05:00,34.38429260253906,44112300,0.9963827611948569,0.0302235494794727,0.007874993503730734,199227867536.2475
2005-01-31 00:00:00-05:00,32.21375274658203,89139900,3.623695255623278,-0.06312591278369795,0.010342528441844618,186651426546.0722
2005-02-28 00:00:00-05:00,32.058712005615234,95731300,1.3839980684865896,-0.004812874246178822,0.009541195383819036,185753096702.23608
2005-03-31 00:00:00-05:00,31.49884605407715,86578900,2.3421548179282987,-0.017463769331719337,0.008382292259290549,182509147468.77567
2005-04-30 00:00:00-04:00,30.129329681396484,144435900,3.096788295481431,,,174573959456.0667
2005-05-31 00:00:00-04:00,32.79945755004883,75281500,4.161319466105187,0.08862221286990768,0.005456118441388094,190045090052.52487
2005-06-30 00:00:00-04:00,31.709003448486328,87803700,1.8096900965677611,-0.0332461017045349,0.006926205586079562,183726831660.19113
2005-07-31 00:00:00-04:00,34.12297058105469,74725700,4.2192104102326144,,,197713727644.4543
2005-08-31 00:00:00-04:00,33.605674743652344,93426300,1.6621227163235628,-0.015159753930964914,0.0070162372398944895,194716436184.59058
2005-09-30 00:00:00-04:00,34.019500732421875,79248500,1.4708046575962397,0.012314169911071371,0.006682678994646983,197114207464.24588
2005-10-31 00:00:00-05:00,33.51083755493164,115279100,2.117867561092912,-0.014952105896294365,0.010642661001774254,194166934960.57635
2005-11-30 00:00:00-05:00,35.55408477783203,88044400,3.2885474838625677,0.060972729182046104,0.006102599670404868,206005822902.03555
2005-12-31 00:00:00-05:00,34.922569274902344,60026500,1.803072972373231,,,202346725173.33975
2006-01-31 00:00:00-05:00,36.29664611816406,100988100,2.9880635055005316,0.03934638463869322,0.011203424563966526,210308337252.38995
2006-02-28 00:00:00-05:00,35.518863677978516,117564600,1.9074967543467312,-0.021428493355928002,0.00995893514905574,205801746444.88086
2006-03-31 00:00:00-05:00,36.261558532714844,71074600,1.732516487220899,0.020909870920132967,0.007924554535561543,210105034398.1812
2006-04-30 00:00:00-04:00,36.192378997802734,88876600,1.1940309703670542,,,209704197557.44684
2006-05-31 00:00:00-04:00,33.571983337402344,137066200,5.184976718386752,-0.07240186284962025,0.009774982972801086,194521223006.9029
2006-06-30 00:00:00-04:00,33.55135726928711,82719200,2.267481218847711,-0.0006143833656754305,0.014273040410806624,194401712403.21658
2006-07-31 00:00:00-04:00,32.10612869262695,78015300,3.7361540758267906,-0.04307511511562956,0.012228089454903083,186027836262.77252
2006-08-31 00:00:00-04:00,33.63786697387695,61207200,3.672704175840634,0.04770859470209987,0.009666151689238513,194902962906.34174
2006-09-30 00:00:00-04:00,35.19853210449219,85438200,3.025323318836374,,,203945696153.89713
2006-10-31 00:00:00-05:00,36.86969757080078,135811800,2.2853721426463594,0.04747827157528861,0.008985127920145747,213628685302.5031
2006-11-30 00:00:00-05:00,38.13389205932617,123457100,3.5677491771020557,0.03428817082368951,0.008151498340083227,220953622156.9956
2006-12-31 00:00:00-05:00,37.417457580566406,75152500,1.767306814889184,,,216802490851.7027
2007-01-31 00:00:00-05:00,38.20637130737305,157772500,2.487559288265632,0.02108410826972862,0.009600137228032412,221373578041.96686
2007-02-28 00:00:00-05:00,37.5648307800293,214978700,2.553737247663997,-0.016791454026934605,0.011633513658800852,217656393783.4971
2007-03-31 00:00:00-04:00,37.761993408203125,120418700,2.673274905959805,,,218798784305.3255
2007-04-30 00:00:00-04:00,39.87001037597656,93290500,3.472060865984866,0.055823773522387876,0.006567712485076646,231012958087.35977
2007-05-31 00:00:00-04:00,41.12785720825195,109457700,1.3404628157880518,0.03154869588479703,0.007541488903090434,238301115647.50528
2007-06-30 00:00:00-04:00,41.3249626159668,124794700,1.6966954413894098,,,239443174625.21393
2007-07-31 00:00:00-04:00,41.26420211791992,260224500,3.3072872139959317,-0.0014703098127764047,0.009905499830275229,239091118975.96014
2007-08-31 00:00:00-04:00,42.42755126953125,94687200,3.6376959716338577,0.028192697105516418,0.014538734114398202,245831742473.86838
2007-09-30 00:00:00-04:00,44.65591049194336,75546000,4.274870843073201,,,258743197745.5442
2007-10-31 00:00:00-04:00,47.80034637451172,148431900,3.2359009678882105,0.07041477484006653,0.012013479671343115,276962541756.1955
2007-11-30 00:00:00-05:00,44.569068908691406,171417400,7.51593756955598,-0.0675994571358024,0.019662679649022418,258240024286.52466
2007-12-31 00:00:00-05:00,44.53724670410156,70135600,3.416382895251151,-0.0007139975182124392,0.012888713346359555,258055641550.08096
2008-01-31 00:00:00-05:00,39.24183654785156,246824100,8.145847617783955,-0.1188984624808953,0.01768561216605877,227373222535.2553
2008-02-29 00:00:00-05:00,37.34625244140625,188724500,2.7423531614231833,-0.048305183273821384,0.01346274932058472,216389917349.13043
2008-03-31 00:00:00-04:00,38.045501708984375,113644800,3.869435001346626,0.01872341190525617,0.020410465853915472,220441474903.80252
2008-04-30 00:00:00-04:00,41.082515716552734,132152700,4.385805777828989,0.07982583672569032,0.01568835289703097,238038400087.04382
2008-05-31 00:00:00-04:00,43.51908874511719,94153600,2.523355209990932,,,252156278101.5354
2008-06-30 00:00:00-04:00,39.334720611572266,132912400,5.525199694368243,-0.09615017809890158,0.016370304317440007,227911407053.3166
2008-07-31 00:00:00-04:00,39.58726119995117,180473100,1.9448474475677329,0.006420296990862884,0.01561885049492044,229374665974.2043
2008-08-31 00:00:00-04:00,40.16200256347656,133184300,3.9175815057662864,,,232704805627.31976
2008-09-30 00:00:00-04:00,33.90625762939453,195436700,7.505632768593768,-0.15576277413445072,0.028909021082033682,196458059548.39026
2008-10-31 00:00:00-04:00,28.660411834716797,224261000,7.212382393773831,-0.15471615452275467,0.049881806543490455,166062824050.06097
2008-11-30 00:00:00-05:00,25.3752384185791,41238200,8.943117433373537,,,147028025174.0314
2008-12-31 00:00:00-05:00,25.953126907348633,89189700,2.82028722467796,0.022773716614477912,0.0283944437917256,150376399753.7311
2009-01-31 00:00:00-05:00,25.35970687866211,140334200,3.551624422643418,,,146938033048.47034
2009-02-28 00:00:00-05:00,24.0245304107666,204492600,4.403363341506664,,,139201815713.4725
2009-03-31 00:00:00-04:00,26.503028869628906,150243800,6.867561706737788,0.10316532379553056,0.027382100570117376,153562616104.47864
2009-04-30 00:00:00-04:00,29.964509963989258,144120400,3.472265815939617,0.1306070001050721,0.016745410129122208,173618968722.17142
2009-05-31 00:00:00-04:00,30.926025390625,111535700,2.5342099742550337,,,179190136646.612
2009-06-30 00:00:00-04:00,31.83925437927246,97843000,2.229829526779415,0.02952946513858512,0.01257039313826231,184481525539.89642
2009-07-31 00:00:00-04:00,34.52606201171875,78208300,7.487478243172679,0.08438663796710699,0.012900620081056705,200049301247.25125
2009-08-31 00:00:00-04:00,35.033687591552734,96415300,2.039659022280053,0.014702678216290233,0.011332878471461836,202990561750.8833
2009-09-30 00:00:00-04:00,37.01236343383789,173102700,4.472514439676255,0.05647923408331845,0.009236779725651848,214455313204.71576
2009-10-31 00:00:00-04:00,35.882286071777344,162796500,3.119657209271741,,,207907471560.95062
2009-11-30 00:00:00-05:00,38.15995407104492,84819400,4.668824583489705,0.06347611171460565,0.010302475961385204,221104629452.05475
2009-12-31 00:00:00-05:00,40.14535140991211,50079200,3.633598218656641,0.05202829477128934,0.007587928006868743,232608326288.48294
2010-01-31 00:00:00-05:00,37.5479736328125,212099600,4.430749517315167,,,217558720885.82935
2010-02-28 00:00:00-05:00,39.27662658691406,66222400,3.126374180276234,,,227574801360.0415
2010-03-31 00:00:00-04:00,42.30524444580078,59947400,3.274507692522916,0.07710992827209284,0.0054215307454059175,245123077969.45007
2010-04-30 00:00:00-04:00,43.25394058227539,110897000,2.694279286135576,0.022425024341604427,0.009228098816294788,250619968959.604
2010-05-31 00:00:00-04:00,40.05644989013672,128535300,6.790552164217977,,,232093217241.15372
2010-06-30 00:00:00-04:00,37.66279983520508,101313200,4.932396244673033,-0.059756919584654455,0.016793343357519374,218224041522.33038
2010-07-31 00:00:00-04:00,40.396461486816406,98958100,4.887003424454095,,,234063296606.3778
2010-08-31 00:00:00-04:00,38.32416534423828,72066900,4.94710516495452,-0.05129895209397062,0.011339689355910515,222056094766.8104
2010-09-30 00:00:00-04:00,43.372535705566406,122458600,6.272466683870918,0.13172812286927216,0.009560713413480613,251307127302.12354
2010-10-31 00:00:00-04:00,46.12144088745117,46668700,4.753358912452358,,,267234705739.6628
2010-11-30 00:00:00-05:00,46.04191207885742,118862100,2.7702297456594223,-0.00172433486602952,0.010299165926499177,266773903619.14276
2010-12-31 00:00:00-05:00,48.23217010498047,38540100,1.656311435883423,0.047570961483348606,0.005700207727281635,279464594712.97156
2011-01-31 00:00:00-05:00,49.5960693359375,70571300,2.7292941430289734,0.02827779110888895,0.009120518185141228,287367236144.5952
2011-02-28 00:00:00-05:00,51.16363525390625,51402800,3.691449202754511,0.031606656312839876,0.009557525860208329,296449953612.98816
2011-03-31 00:00:00-04:00,50.934288024902344,50004300,4.609211096916313,-0.00448262184392767,0.011667769364233102,295121080575.2912
2011-04-30 00:00:00-04:00,52.39765930175781,44831200,3.8795619881584003,,,303600078304.626
2011-05-31 00:00:00-04:00,51.75908660888672,47590100,3.1976189060864053,-0.01218704616543187,0.008411650485789244,299900090134.4988
2011-06-30 00:00:00-04:00,50.710716247558594,50347200,3.879829885952162,-0.020254807996324398,0.01233189117530135,293825671390.74414
2011-07-31 00:00:00-04:00,51.55515670776367,82860500,3.176875882893216,,,298718488994.77893
2011-08-31 00:00:00-04:00,48.941856384277344,60900400,7.275441404672969,-0.05068940704224045,0.02943974544798633,283576625915.0795
2011-09-30 00:00:00-04:00,46.74396896362305,104870100,4.8506573448177965,-0.044908133508404724,0.0162997607647529,270841728938.62216
2011-10-31 00:00:00-04:00,51.60626220703125,60520200,8.758213881323824,0.10401969176370374,0.01743482403736691,299014602099.5662
2011-11-30 00:00:00-05:00,50.21702194213867,66918600,7.044862943044073,-0.02691999392087918,0.019442895710528936,290965130828.7919
2011-12-31 00:00:00-05:00,49.908607482910156,21832400,3.2979958008561763,,,289178130126.4739
2012-01-31 00:00:00-05:00,54.110111236572266,51449600,5.629168175076279,0.08418395073636953,0.006138845113188826,313522287587.0764
2012-02-29 00:00:00-05:00,57.5786018371582,59784400,4.562654631658032,0.06410060007863438,0.0062836591850731,333619254359.4342
2012-03-31 00:00:00-04:00,60.488075256347656,39480900,6.029596607209681,,,350477189802.774
2012-04-30 00:00:00-04:00,59.78065490722656,37787700,3.913830784713283,-0.011695203494623607,0.011797639986869555,346378287747.8067
2012-05-31 00:00:00-04:00,55.572017669677734,55260100,6.364434034409851,-0.0704013237071458,0.010642195156912395,321992797786.9465
2012-06-30 00:00:00-04:00,57.58451843261719,44761300,4.429275231418659,,,333653536021.41266
2012-07-31 00:00:00-04:00,58.15892791748047,34588300,3.4430067630399144,0.009975067960938722,0.010453034939537382,336981752718.6337
2012-08-31 00:00:00-04:00,61.174583435058594,42128000,3.5795283052761575,0.05185197914681172,0.006273526649955882,354454923533.4564
2012-09-30 00:00:00-04:00,61.718040466308594,30112600,3.701394700844843,,,357603796964.85345
2012-10-31 00:00:00-04:00,58.45981216430664,38524500,5.997533513908865,-0.05279215408306093,0.008565436171522013,338725122214.79724
2012-11-30 00:00:00-05:00,59.224853515625,33497400,5.335325790667061,0.013086620072745747,0.010795965458075228,343157889198.31665
2012-12-31 00:00:00-05:00,58.94832992553711,57544000,2.441617775701368,-0.004669046416719946,0.009469158168540331,341555669085.3861
2013-01-31 00:00:00-05:00,60.523162841796875,34870500,1.1172056359393643,0.02671547978117572,0.008446760513228279,350680492656.98267
2013-02-28 00:00:00-05:00,60.731361389160156,28557300,2.365986895576492,0.003439981282992388,0.009416901700465963,351886826988.03326
2013-03-31 00:00:00-04:00,62.56831741333008,23662800,2.1937125410100484,,,362530432069.09906
2013-04-30 00:00:00-04:00,64.15589904785156,30135800,3.801660510212803,0.025373570844710924,0.010657885726837287,371729123670.568
2013-05-31 00:00:00-04:00,66.4510498046875,38347600,3.216890885552055,0.035774586451108314,0.00589967512777375,385027579341.7154
2013-06-30 00:00:00-04:00,64.85933685302734,28301100,4.536421353839615,,,375804950254.8031
2013-07-31 00:00:00-04:00,68.95459747314453,25007600,5.328830147933948,0.06314064896156957,0.005886818900416084,399533518696.8617
2013-08-31 00:00:00-04:00,68.68161010742188,26228500,2.745626366493131,,,397951788010.5295
2013-09-30 00:00:00-04:00,72.00040435791016,28031900,4.941933544359967,0.048321439251314935,0.005128640344811495,417181391159.83246
2013-10-31 00:00:00-04:00,75.56942749023438,31309900,8.430209188242998,0.04956948734041533,0.009000639051839095,437860858847.5867
2013-11-30 00:00:00-05:00,78.25299835205078,16708900,4.190948077694397,,,453409880209.2363
2013-12-31 00:00:00-05:00,80.54354095458984,24890500,4.740591394767057,0.029270988342634308,0.0057831639177115856,466681635527.27606
2014-01-31 00:00:00-05:00,78.99604034423828,45187000,4.401799431634105,-0.01921321799378095,0.009811537871131737,457715179530.1963
2014-02-28 00:00:00-05:00,83.06624603271484,48609800,9.17725710087298,0.051524173499582604,0.008581774055281231,481298575853.7027
2014-03-31 00:00:00-04:00,80.79557037353516,33924300,5.344711665856582,-0.027335720194763602,0.00787074859682906,468141932654.0277
2014-04-30 00:00:00-04:00,80.53754425048828,38689400,5.933948483464637,-0.003193567690084609,0.013270850034874774,466646889703.5301
2014-05-31 00:00:00-04:00,84.1501693725586,29906400,6.568526275794841,,,487578994010.5064
2014-06-30 00:00:00-04:00,86.77885437011719,19751900,3.3526379320041992,0.031238023846637875,0.0036453021445216837,502809998252.5263
2014-07-31 00:00:00-04:00,87.80455017089844,50047900,3.7672824571624193,0.011819651322044322,0.008263575764542707,508753037113.1089
2014-08-31 00:00:00-04:00,92.2031021118164,17906300,8.666314638724426,,,534238922007.3004
2014-09-30 00:00:00-04:00,91.50546264648438,41834300,2.5624672194035725,-0.007566333988264229,0.007847283614441349,530196691893.86285
2014-10-31 00:00:00-04:00,93.92300415039062,54254100,12.21520679855947,0.026419641341479227,0.013416357687148626,544204298334.1375
2014-11-30 00:00:00-05:00,98.19306945800781,17360400,6.514388537802661,,,568945711958.9816
2014-12-31 00:00:00-05:00,95.99292755126953,24367100,6.319261397968694,-0.02240628507574227,0.009972737632682761,556197752144.2074
2015-01-31 00:00:00-05:00,93.9940414428711,42927600,5.525238271961325,,,544615899307.29193
2015-02-28 00:00:00-05:00,100.78095245361328,27757600,11.389326255750643,,,583940303140.7039
2015-03-31 00:00:00-04:00,98.40355682373047,30488100,5.619436266269495,-0.02358973171023626,0.009246599146205653,570165308054.8207
2015-04-30 00:00:00-04:00,100.29520416259766,44080500,6.780398728433881,0.019223363462925303,0.007955540628824063,581125803005.5093
2015-05-31 00:00:00-04:00,102.55029296875,30383000,5.353430140801861,,,594192133586.9741
2015-06-30 00:00:00-04:00,100.00286102294922,34809900,4.950140072677141,-0.024840806125995707,0.008247351837540188,579431921994.9484
2015-07-31 00:00:00-04:00,104.56076049804688,22081700,10.42143373362537,0.04557769076278406,0.00904722984578056,605841090953.7197
2015-08-31 00:00:00-04:00,97.42501831054688,39549400,18.769038579928576,-0.068244933888304,0.020093612842197565,564495505754.7651
2015-09-30 00:00:00-04:00,95.27456665039062,41411400,8.973319057429993,-0.02207288946358299,0.0159025244509215,552035458853.5509
2015-10-31 00:00:00-04:00,106.10720825195312,27199200,14.17737101021116,,,614801446538.9968
2015-11-30 00:00:00-05:00,106.75321197509766,25041600,5.762504426261663,0.0060882171323422,0.008542890685021008,618544491238.8043
2015-12-31 00:00:00-05:00,105.05074310302734,29886800,5.76425224679559,-0.015947706308522602,0.01265788600168558,608680125353.7733
2016-01-31 00:00:00-05:00,97.7912826538086,54245100,16.203405045222723,,,566617697562.1141
2016-02-29 00:00:00-05:00,96.26051330566406,27553900,11.629018207295992,-0.01565343358429616,0.014784094286606155,557748185065.6388
2016-03-31 00:00:00-04:00,102.85688018798828,21447200,6.881909625591934,0.06852619683606109,0.00912298799603623,595968546980.4025
2016-04-30 00:00:00-04:00,99.57901000976562,67502800,6.528559551089325,,,576976064185.5192
2016-05-31 00:00:00-04:00,103.93065643310547,24366100,7.339749067236568,0.043700438706039346,0.008469862953218691,602190171313.3103
2016-06-30 00:00:00-04:00,101.5630874633789,36300800,9.208938950438007,-0.02278027533916749,0.013204355498368073,588472113404.2526
2016-07-31 00:00:00-04:00,108.82568359375,22385300,10.701840826042705,,,630552709813.6721
2016-08-31 00:00:00-04:00,109.96845245361328,16169800,2.4371353441638712,0.010500911385305622,0.003931037468302112,637174087943.19
2016-09-30 00:00:00-04:00,112.40261840820312,25543200,5.5674611283616455,0.022135129669271558,0.009662150334583158,651278019001.7122
2016-10-31 00:00:00-04:00,110.7646713256836,18749400,3.4997242296414357,-0.014572143475974353,0.005632499663487033,641787502266.0709
2016-11-30 00:00:00-05:00,111.24752807617188,30405300,6.995982092209583,0.004359302877977367,0.009543346132545582,644585248371.7494
2016-12-31 00:00:00-05:00,112.50712585449219,41749000,7.54509251956917,,,651883551181.958
2017-01-31 00:00:00-05:00,118.29010009765625,19091100,8.375909149506892,0.051400959710261374,0.004374346752313146,685390991332.0441
2017-02-28 00:00:00-05:00,123.46537017822266,16598600,9.241772812462354,0.043750661097538,0.002901670080890939,715377300313.1178
2017-03-31 00:00:00-04:00,125.96786499023438,19841400,3.3145505705094696,0.020268799327287867,0.0050391443156070515,729877139256.4615
2017-04-30 00:00:00-04:00,129.40301513671875,22771900,6.9276863969139875,,,749780926321.7325
2017-05-31 00:00:00-04:00,134.4462890625,33229400,6.692413366857395,0.038973388065593806,0.006893712668596314,779002429327.4497
2017-06-30 00:00:00-04:00,131.32989501953125,68898300,8.067794038783052,-0.023179472372941712,0.010342584693870598,760945564038.3997
2017-07-31 00:00:00-04:00,136.66360473632812,33848600,13.240334039185585,0.04061306617205207,0.006325388468486622,791849896584.0206
2017-08-31 00:00:00-04:00,139.49745178222656,38480700,6.084862392153658,0.0207359307649313,0.008787820011431281,808269641215.805
2017-09-30 00:00:00-04:00,139.0855712890625,43102400,3.9988815132894775,,,805883142436.2198
2017-10-31 00:00:00-04:00,145.49241638183594,26319300,7.0697404306703495,0.04606405275107983,0.006940762479127206,843005386020.6079
2017-11-30 00:00:00-05:00,148.36114501953125,56595500,5.757777735707806,0.019717375716453267,0.006564637169012473,859627239947.7699
2017-12-31 00:00:00-05:00,149.25595092773438,33186000,7.846754006725361,,,864811882685.977
2018-01-31 00:00:00-05:00,162.32635498046875,42449200,16.16308172575253,0.08757040487492995,0.0070324320299917625,940543809393.4385
2018-02-28 00:00:00-05:00,160.22781372070312,42936300,20.433303173244937,-0.012927914632335114,0.019472535366361378,928384539317.6289
2018-03-31 00:00:00-04:00,153.69241333007812,68692600,21.361388917306417,,,890517426610.9498
2018-04-30 00:00:00-04:00,154.46986389160156,35615300,12.735182687097826,0.005058483660177471,0.014859870366817896,895022094462.5645
2018-05-31 00:00:00-04:00,163.23281860351562,35670900,10.776942133220787,0.05672921883367121,0.007134472751547651,945795998720.3021
2018-06-30 00:00:00-04:00,165.10191345214844,36408500,9.480714517695105,,,956625821081.9406
2018-07-31 00:00:00-04:00,169.71878051757812,47285100,13.040413056183915,0.02796374050969308,0.009759033323103884,983376657307.5481
2018-08-31 00:00:00-04:00,179.52969360351562,28653200,10.483199745457238,0.05780687945092411,0.005801258941943386,1040222593191.3783
2018-09-30 00:00:00-04:00,179.02406311035156,28076800,7.528680345926538,,,1037292892526.0536
2018-10-31 00:00:00-04:00,163.6356964111328,73828600,25.966214921446667,-0.08595697378253153,0.021211903493474484,948130334558.3854
2018-11-30 00:00:00-05:00,163.20204162597656,36722800,20.484242815943627,-0.0026501233817999292,0.01762296679764037,945617672189.7784
2018-12-31 00:00:00-05:00,149.06759643554688,53015300,33.269449692687964,-0.08660703658856639,0.023864694178399336,863720527855.6433
2019-01-31 00:00:00-05:00,162.49966430664062,37258400,17.96474218178874,0.09010722780991132,0.016075104323504515,941547990223.2286
2019-02-28 00:00:00-05:00,167.36038208007812,25085500,10.080534441307123,0.02991217116772149,0.0063593389532582215,969711734869.4099
2019-03-31 00:00:00-04:00,173.92855834960938,35205500,13.392624354860967,,,1007768756047.8613
2019-04-30 00:00:00-04:00,183.49334716796875,31495300,12.274338098083893,0.05499262978500319,0.00484823163541986,1063188610158.0944
2019-05-31 00:00:00-04:00,168.4007110595703,45446200,20.77857308477287,-0.08225168019079587,0.012243708411685645,975739560612.8741
2019-06-30 00:00:00-04:00,181.182373046875,21179200,23.58971493382899,,,1049798471486.3754
2019-07-31 00:00:00-04:00,185.41261291503906,41627500,7.18600932614201,0.023347965903226298,0.007333812879378169,1074309130403.8982
2019-08-31 00:00:00-04:00,181.89068603515625,26319800,10.761913485375128,,,1053902545629.6102
2019-09-30 00:00:00-04:00,183.56021118164062,26307700,9.331068568743845,0.009178728074958675,0.008836796921858838,1063576030513.451
2019-10-31 00:00:00-04:00,191.6002960205078,26801800,16.114269502758805,0.04380080403650877,0.009348969839979581,1110161515803.8984
2019-11-30 00:00:00-05:00,199.39727783203125,9854600,9.537296098961656,,,1155338424850.2695
2019-12-31 00:00:00-05:00,207.14662170410156,18170900,19.107040840544816,0.03886383984939967,0.005678471645385307,1200239312365.5083
2020-01-31 00:00:00-05:00,213.4405975341797,52015800,13.695522016118531,0.030384158709905185,0.009424967727709673,1236707574122.2893
2020-02-29 00:00:00-05:00,200.5115966796875,148173700,41.46930206852846,,,1161794959243.4656
2020-03-31 00:00:00-04:00,185.90261840820312,62659300,63.55570478139956,-0.07285852047162078,0.05598856639327004,1077148297421.5996
2020-04-30 00:00:00-04:00,213.7392578125,43359500,50.14396950137373,0.1497377478738544,0.026299500851390323,1238438057603.6667
2020-05-31 00:00:00-04:00,227.84791564941406,50691800,25.623787631457432,,,1320185786054.5173
2020-06-30 00:00:00-04:00,242.17198181152344,38909200,20.293665528109162,0.06286678603700535,0.015975813796653526,1403181623395.5024
2020-07-31 00:00:00-04:00,259.9632263183594,53686300,15.965883918952262,0.07346532977824993,0.01391362440420133,1506266824097.0332
2020-08-31 00:00:00-04:00,288.4154052734375,36321000,39.3829889835894,0.10944693739196287,0.010415519911522649,1671123114889.572
2020-09-30 00:00:00-04:00,271.7490234375,49380800,45.35229906310424,-0.05778603199137933,0.022491780343125538,1574555541111.0295
2020-10-31 00:00:00-04:00,263.4745178222656,65838300,31.134763522546713,,,1526611785870.9373
2020-11-30 00:00:00-05:00,293.0515441894531,27836200,37.42245757882676,0.11225763543152034,0.015010376126697861,1697985615174.699
2020-12-31 00:00:00-05:00,307.4181823730469,21611400,17.982621343874538,0.04902427053687841,0.007132009266683765,1781228121340.7515
2021-01-31 00:00:00-05:00,308.2217712402344,55259000,27.520129955834285,,,1785884238546.2517
2021-02-28 00:00:00-05:00,307.8102111816406,104739800,33.223830278378784,,,1783499596413.7373
2021-03-31 00:00:00-04:00,313.0945739746094,55032500,24.64878713548219,0.017167600687068907,0.018703934610164,1814118005310.5168
2021-04-30 00:00:00-04:00,331.5979309082031,38263400,19.73267900045013,0.059098299592679204,0.009576806816635407,1921329294684.8313
2021-05-31 00:00:00-04:00,327.6146240234375,29927400,25.489046258147425,,,1898249403364.464
2021-06-30 00:00:00-04:00,348.13031005859375,32724000,32.1607216035022,0.06262139883501838,0.007118804425786961,2017120436340.8857
2021-07-31 00:00:00-04:00,358.090087890625,36484600,17.434040841018998,,,2074828917406.5645
2021-08-31 00:00:00-04:00,373.19677734375,29628200,21.94470172254219,0.042186840585599183,0.006449857122164775,2162359394187.5864
2021-09-30 00:00:00-04:00,351.98736572265625,61384600,33.50879036749949,-0.05683171160279832,0.00901356675335918,2039468808715.5159
2021-10-31 00:00:00-04:00,379.6676940917969,37310100,45.26964162743892,,,2199852878774.289
2021-11-30 00:00:00-05:00,387.2490539550781,81332700,19.725387749750567,0.019968409167434142,0.010177433557967576,2243780441165.812
2021-12-31 00:00:00-05:00,391.7114562988281,34752900,30.692471897749108,0.011523339561902768,0.014840841486028529,2269636285091.7217
2022-01-31 00:00:00-05:00,357.4483947753906,94326400,83.86478250530133,-0.08747015429974803,0.018044364620304627,2071110849030.442
2022-02-28 00:00:00-05:00,341.4491271972656,77515500,45.86819740654554,-0.04475965709169971,0.020752279632006838,1978408637628.9404
2022-03-31 00:00:00-04:00,357.3875732421875,67011400,73.87572952137657,0.046678830828329465,0.020506428622095164,2070758439734.1272
2022-04-30 00:00:00-04:00,308.7980651855469,91977900,71.97758889664674,,,1789223374096.482
2022-05-31 00:00:00-04:00,303.8987731933594,60968300,52.64086955863174,-0.015865682284128546,0.02650910697290119,1760836124507.7307
2022-06-30 00:00:00-04:00,276.8277282714844,79313600,60.553105975221854,-0.08907915171033187,0.02339951984975181,1603982336235.6738
2022-07-31 00:00:00-04:00,311.574462890625,57501000,43.86886483087484,,,1805310248432.0732
2022-08-31 00:00:00-04:00,295.5838317871094,50044000,44.85873813409168,-0.051322020922905276,0.015950375624774586,1712658078089.7073
2022-09-30 00:00:00-04:00,264.4424743652344,78482400,52.977396652847524,-0.10535541552998129,0.01807025667368039,1532220274611.787
2022-10-31 00:00:00-04:00,275.01983642578125,47742000,31.45546932310253,0.03999872594573439,0.021079313148692467,1593507133464.4814
2022-11-30 00:00:00-05:00,290.267333984375,74718100,45.27086016537766,0.05544144653983363,0.0239876350485011,1681853474015.2961
2022-12-31 00:00:00-05:00,264.1036071777344,37858300,44.74003020821227,,,1530256826128.957
2023-01-31 00:00:00-05:00,292.2119445800781,46705100,48.142850454277124,0.10642920671442258,0.01389019161982941,1693120846203.1921
2023-02-28 00:00:00-05:00,291.1606140136719,48243100,28.920393770331085,-0.0035978357007857564,0.01623033774725476,1687029275576.9775
2023-03-31 00:00:00-04:00,318.7997131347656,62138100,39.150351967518425,0.09492732804786552,0.01264715583211211,1847174457046.0261
2023-04-30 00:00:00-04:00,320.4188537597656,59652500,13.853888380760806,,,1856556006280.9883
2023-05-31 00:00:00-04:00,345.6800842285156,65105400,45.75979852830965,0.07883815253795778,0.010964108611628724,2002923451899.4304
2023-06-30 00:00:00-04:00,367.47125244140625,58668800,29.09378883806306,0.06303854114570662,0.010457080668571367,2129184824333.6934
2023-07-31 00:00:00-04:00,381.656005859375,44019900,29.14409117839153,0.03860098803301781,0.009072581620937133,2211373462257.8813
2023-08-31 00:00:00-04:00,375.99603271484375,35730700,26.416968702381947,-0.01483003819574824,0.011451438318964698,2178578709347.5325
2023-09-30 00:00:00-04:00,356.8959045410156,64754300,37.9345728548093,,,2067909635834.0127
2023-10-31 00:00:00-04:00,349.5242919921875,47671900,38.26720385664562,-0.020654797253300994,0.01189803765688364,2025197381567.7136
2023-11-30 00:00:00-05:00,387.3387145996094,52834400,47.375792871915046,0.10818825321665226,0.008992035672051774,2244299948698.463
2023-12-31 00:00:00-05:00,408.97918701171875,42633400,44.62660461225349,,,2369688166539.047
2024-01-31 00:00:00-05:00,416.41937255859375,64010600,47.83180917662853,0.01819208845623188,0.010335632252048888,2412797743278.411
2024-02-29 00:00:00-05:00,438.4202880859375,42495200,26.281168721914707,0.05283355428966763,0.010293415849429175,2540274423837.898
2024-03-31 00:00:00-04:00,444.010009765625,36839600,17.689541300423546,,,2572662128981.003
2024-04-30 00:00:00-04:00,438.2699890136719,53602600,16.745859044590095,,,2539403567950.1157
